Workbook

Sheet Share_by_year
A1: LFShistory | B1: lfs1 | C1: lfs2 | D1: lfs3 | E1: lfs4 | F1: lfs5 | G1: lfs6 | H1: lfs7 | I1: lfs8 | J1: s1976 | K1: s1978 | L1: s1979 | M1: s1980 | N1: s1981 | O1: s1982 | P1: s1983 | Q1: s1984 | R1: s1985 | S1: s1986 | T1: s1987 | U1: s1988 | V1: s1989 | W1: s1990 | X1: s1991 | Y1: s1992 | Z1: s1994 | AA1: s1995 | AB1: s1996 | AC1: s1997 | AD1: s1998 | AE1: s1999 | AF1: s2000 | AG1: s2001 | AH1: s2002 | AI1: s2003 | AJ1: s2004 | AK1: s2005 | AL1: s2006 | AM1: s2007 | AN1: s2008 | AO1: s2009 | AP1: s2010 | AQ1: s2011 | AR1: s2012 | AS1: s2013 | AT1: s2014 | AU1: s2015 | AV1: s2016 | AW1: s2017 | AX1: s2018
A2: EEEEEEEE | B2: 1 | C2: 1 | D2: 1 | E2: 1 | F2: 1 | G2: 1 | H2: 1 | I2: 1 | J2: 0.84798986 | K2: 0.8600927 | L2: 0.84121792 | M2: 0.82333887 | N2: 0.80485176 | O2: 0.78445548 | P2: 0.80599059 | Q2: 0.80825504 | R2: 0.80883169 | S2: 0.81972463 | T2: 0.83561499 | U2: 0.84085956 | V2: 0.83696276 | W2: 0.82042344 | X2: 0.80502508 | Y2: 0.80050971 | Z2: 0.78980559 | AA2: 0.81208008 | AB2: 0.81985792 | AC2: 0.82322441 | AD2: 0.82169855 | AE2: 0.82073335 | AF2: 0.80953097 | AG2: 0.79315742 | AH2: 0.78496776 | AI2: 0.76620643 | AJ2: 0.79697985 | AK2: 0.80077606 | AL2: 0.80262482 | AM2: 0.79304287 | AN2: 0.73814394 | AO2: 0.723716 | AP2: 0.73203213 | AQ2: 0.73841606 | AR2: 0.74418548 | AS2: 0.75573614 | AT2: 0.76609789 | AU2: 0.76864833 | AV2: 0.77256466 | AW2: 0.78669611 | AX2: 0.7801157
A3: EEEEEEEU | B3: 1 | C3: 1 | D3: 1 | E3: 1 | F3: 1 | G3: 1 | H3: 1 | I3: 2 | J3: 0.0037749926 | K3: 0.0038239156 | L3: 0.0067530223 | M3: 0.0062596156 | N3: 0.008529994 | O3: 0.0043498336 | P3: 0.0043429554 | Q3: 0.0035058848 | R3: 0.004085311 | S3: 0.0038320874 | T3: 0.0036394617 | U3: 0.0046054253 | V3: 0.0051238401 | W3: 0.0047043377 | X3: 0.004786066 | Y3: 0.0048979487 | Z3: 0.0072793729 | AA3: 0.005356531 | AB3: 0.0042514251 | AC3: 0.0036034087 | AD3: 0.0034021293 | AE3: 0.0036915794 | AF3: 0.0047793148 | AG3: 0.004467664 | AH3: 0.0040564393 | AI3: 0.0053004657 | AJ3: 0.0025344585 | AK3: 0.0038970355 | AL3: 0.0037721298 | AM3: 0.0077460283 | AN3: 0.0063148576 | AO3: 0.0037600926 | AP3: 0.0040938686 | AQ3: 0.004509094 | AR3: 0.004043339 | AS3: 0.0029268685 | AT3: 0.0030034646 | AU3: 0.0028463216 | AV3: 0.0035678843 | AW3: 0.0028480998 | AX3: 0.003330275
A4: EEEEEEEN | B4: 1 | C4: 1 | D4: 1 | E4: 1 | F4: 1 | G4: 1 | H4: 1 | I4: 3 | J4: 0.001274819 | K4: 0.0023281708 | L4: 0.0020168024 | M4: 0.0014635695 | N4: 0.0018163796 | O4: 0.002061704 | P4: 0.0019718374 | Q4: 0.0034356194 | R4: 0.001823964 | S4: 0.0023373105 | T4: 0.0022931883 | U4: 0.0019891821 | V4: 0.0026170776 | W4: 0.001979137 | X4: 0.0029169243 | Y4: 0.002434052 | Z4: 0.003728124 | AA4: 0.0013226103 | AB4: 0.0035800044 | AC4: 0.0031271466 | AD4: 0.0027300422 | AE4: 0.00366692 | AF4: 0.0034783769 | AG4: 0.0032672768 | AH4: 0.0038474716 | AI4: 0.0026157649 | AJ4: 0.0039826228 | AK4: 0.002951455 | AL4: 0.0040355274 | AM4: 0.002774466 | AN4: 0.0029960695 | AO4: 0.0021379708 | AP4: 0.0034994621 | AQ4: 0.0026851797 | AR4: 0.0032047561 | AS4: 0.0035744324 | AT4: 0.0040641217 | AU4: 0.0031432246 | AV4: 0.0045311252 | AW4: 0.0044022007 | AX4: 0.004128085
A5: EEEEEEUE | B5: 1 | C5: 1 | D5: 1 | E5: 1 | F5: 1 | G5: 1 | H5: 2 | I5: 1 | J5: 0.0022010389 | K5: 0.0030273161 | L5: 0.0032481868 | M5: 0.0026294071 | N5: 0.0036663617 | O5: 0.002777153 | P5: 0.0019507876 | Q5: 0.0037254148 | R5: 0.0028713443 | S5: 0.003166763 | T5: 0.0026319081 | U5: 0.0022708287 | V5: 0.0022837251 | W5: 0.0030009669 | X5: 0.0022813281 | Y5: 0.002183656 | Z5: 0.003639063 | AA5: 0.0022483278 | AB5: 0.0030209523 | AC5: 0.0025010358 | AD5: 0.002022673 | AE5: 0.0022062132 | AF5: 0.0020706303 | AG5: 0.0020321719 | AH5: 0.0024887924 | AI5: 0.0012029186 | AJ5: 0.0018555587 | AK5: 0.0018830579 | AL5: 0.0022984592 | AM5: 0.0025422403 | AN5: 0.002684623 | AO5: 0.0022235591 | AP5: 0.0020467913 | AQ5: 0.00219434 | AR5: 0.0021999474 | AS5: 0.0019866983 | AT5: 0.0016867791 | AU5: 0.0027593969 | AV5: 0.0023063927 | AW5: 0.0018198686 | AX5: 0.00096441643
A6: EEEEEEUU | B6: 1 | C6: 1 | D6: 1 | E6: 1 | F6: 1 | G6: 1 | H6: 2 | I6: 2 | J6: 0.00146247 | K6: 0.0015920138 | L6: 0.0034594613 | M6: 0.0027709963 | N6: 0.0047498425 | O6: 0.002489744 | P6: 0.0022000994 | Q6: 0.0021306461 | R6: 0.004006893 | S6: 0.0027136526 | T6: 0.0022743711 | U6: 0.002285285 | V6: 0.0030217162 | W6: 0.0031610748 | X6: 0.0024159435 | Y6: 0.0022020638 | Z6: 0.0012517433 | AA6: 0.0027259342 | AB6: 0.0014447865 | AC6: 0.0018305866 | AD6: 0.0014888419 | AE6: 0.0014092669 | AF6: 0.0024123183 | AG6: 0.0020807566 | AH6: 0.0019044267 | AI6: 0.00094842737 | AJ6: 0.0012455107 | AK6: 0.0016015872 | AL6: 0.0019882617 | AM6: 0.0033569355 | AN6: 0.0036667964 | AO6: 0.0022124609 | AP6: 0.0015011482 | AQ6: 0.0018893913 | AR6: 0.0018358206 | AS6: 0.0017788045 | AT6: 0.0017887394 | AU6: 0.0012336799 | AV6: 0.0010019144 | AW6: 0.0013059458 | AX6: 0
A7: EEEEEEUN | B7: 1 | C7: 1 | D7: 1 | E7: 1 | F7: 1 | G7: 1 | H7: 2 | I7: 3 | J7: 0.00031951825 | K7: 0.00014233919 | L7: 0.00020694346 | M7: 0.00010938629 | N7: 0.00026681345 | O7: 0.00033543617 | P7: 0.00027368538 | Q7: 0.00011970894 | R7: 0.00039164068 | S7: 0.00018750543 | T7: 0.00011719492 | U7: 0.00025133573 | V7: 0.00037678143 | W7: 0.0002778419 | X7: 0.00022862338 | Y7: 0.00027176506 | Z7: 0 | AA7: 5.3308007e-05 | AB7: 0.00021975732 | AC7: 0.00031483527 | AD7: 0.00014514529 | AE7: 0.00032636442 | AF7: 0.00055053886 | AG7: 0.00056972066 | AH7: 0.00014433719 | AI7: 0.00082643884 | AJ7: 0.0001044629 | AK7: 0.0001788834 | AL7: 0.00037437218 | AM7: 0.00020474853 | AN7: 0.00043494277 | AO7: 0.000164909 | AP7: 0.00031808808 | AQ7: 0.00022891147 | AR7: 0.00030321665 | AS7: 0.00044826507 | AT7: 0.0002748917 | AU7: 0.00030064347 | AV7: 0.00032277115 | AW7: 0.00039822663 | AX7: 0
A8: EEEEEENE | B8: 1 | C8: 1 | D8: 1 | E8: 1 | F8: 1 | G8: 1 | H8: 3 | I8: 1 | J8: 0.0010014996 | K8: 0.0013982127 | L8: 0.0012688479 | M8: 0.00087308894 | N8: 0.0010257898 | O8: 0.00143504 | P8: 0.001312135 | Q8: 0.0018420689 | R8: 0.0013580058 | S8: 0.0016903879 | T8: 0.0014546659 | U8: 0.0013417004 | V8: 0.0015170753 | W8: 0.0010220155 | X8: 0.0019386258 | Y8: 0.0015432714 | Z8: 0.0012984236 | AA8: 0.0010127315 | AB8: 0.0014743418 | AC8: 0.0021726166 | AD8: 0.0020068444 | AE8: 0.0025540664 | AF8: 0.002465147 | AG8: 0.0024110074 | AH8: 0.0015445666 | AI8: 0.0021272713 | AJ8: 0.0017529548 | AK8: 0.0025518302 | AL8: 0.0018962266 | AM8: 0.0018634927 | AN8: 0.0020928029 | AO8: 0.002044099 | AP8: 0.0017532305 | AQ8: 0.002454998 | AR8: 0.002400767 | AS8: 0.0015729736 | AT8: 0.0026474333 | AU8: 0.0027352421 | AV8: 0.0030338463 | AW8: 0.0030592561 | AX8: 0.0017329157
A9: EEEEEENU | B9: 1 | C9: 1 | D9: 1 | E9: 1 | F9: 1 | G9: 1 | H9: 3 | I9: 2 | J9: 0.00018812296 | K9: 0.00033200813 | L9: 0.00034272028 | M9: 0.00049782405 | N9: 0.00043926316 | O9: 0.00033229875 | P9: 0.00031716393 | Q9: 0.0011443238 | R9: 0 | S9: 0.00026254027 | T9: 0.00013338812 | U9: 0.00037710096 | V9: 0.00033652005 | W9: 0.00036576146 | X9: 0.00029485825 | Y9: 0.00037360183 | Z9: 0.00026142122 | AA9: 0.00044224679 | AB9: 0.00017746826 | AC9: 0.00046016105 | AD9: 0.00032566511 | AE9: 0.00044694289 | AF9: 9.8460896e-05 | AG9: 0.00053703949 | AH9: 0.00052511036 | AI9: 0.001206767 | AJ9: 0.00031215669 | AK9: 0.00029142891 | AL9: 0.0001874754 | AM9: 0.00023808775 | AN9: 0.00076573492 | AO9: 0.00020038158 | AP9: 0.00033646789 | AQ9: 0.00032719853 | AR9: 0.00041814706 | AS9: 0.00042714193 | AT9: 0.00049659386 | AU9: 0.00021050646 | AV9: 0.00020490994 | AW9: 6.588228e-05 | AX9: 0
A10: EEEEEENN | B10: 1 | C10: 1 | D10: 1 | E10: 1 | F10: 1 | G10: 1 | H10: 3 | I10: 3 | J10: 0.00048559479 | K10: 0.00090547529 | L10: 0.00064421158 | M10: 0.0010868085 | N10: 0.00050951544 | O10: 0.00061363183 | P10: 0.00040841298 | Q10: 0.0010757254 | R10: 0.00058889374 | S10: 0.00049364797 | T10: 0.00080581899 | U10: 0.00048079447 | V10: 0.0012934779 | W10: 0.00079924642 | X10: 0.00063946529 | Y10: 0.00097901484 | Z10: 0.00043090248 | AA10: 0.0011616962 | AB10: 0.0012035742 | AC10: 0.0017942469 | AD10: 0.0014131594 | AE10: 0.0013762898 | AF10: 0.0018121884 | AG10: 0.0014995136 | AH10: 0.001290244 | AI10: 0.00040673595 | AJ10: 0.0016627915 | AK10: 0.0017317897 | AL10: 0.0013033035 | AM10: 0.001729713 | AN10: 0.0013821766 | AO10: 0.0012624725 | AP10: 0.0011450045 | AQ10: 0.0014014823 | AR10: 0.0017270716 | AS10: 0.0013214886 | AT10: 0.0010620151 | AU10: 0.0017217079 | AV10: 0.0021523657 | AW10: 0.0012826928 | AX10: 0.00087307967
A11: EEEEEUEE | B11: 1 | C11: 1 | D11: 1 | E11: 1 | F11: 1 | G11: 2 | H11: 1 | I11: 1 | J11: 0.0024861828 | K11: 0.002144917 | L11: 0.003635085 | M11: 0.002230613 | N11: 0.0029423825 | O11: 0.0019205314 | P11: 0.0026272575 | Q11: 0.0023959429 | R11: 0.0026989089 | S11: 0.0023727509 | T11: 0.0021374565 | U11: 0.0029554262 | V11: 0.0024307849 | W11: 0.0032188051 | X11: 0.0031637902 | Y11: 0.002301887 | Z11: 0.0018378903 | AA11: 0.002680721 | AB11: 0.0019071125 | AC11: 0.0016530384 | AD11: 0.001904729 | AE11: 0.001755164 | AF11: 0.0028738484 | AG11: 0.0023101546 | AH11: 0.0027118568 | AI11: 0.0018735922 | AJ11: 0.0019739085 | AK11: 0.0023722115 | AL11: 0.0016532334 | AM11: 0.0031068498 | AN11: 0.0030952913 | AO11: 0.0021533797 | AP11: 0.0023897962 | AQ11: 0.0016201564 | AR11: 0.0023030333 | AS11: 0.0011204245 | AT11: 0.0017439369 | AU11: 0.0011621865 | AV11: 0.0019802546 | AW11: 0.0020987816 | AX11: 0.00023756172
A12: EEEEEUEU | B12: 1 | C12: 1 | D12: 1 | E12: 1 | F12: 1 | G12: 2 | H12: 1 | I12: 2 | J12: 0.00021169559 | K12: 0.00014445283 | L12: 0.00076481399 | M12: 0.00053934448 | N12: 0.00061759144 | O12: 0.00043178139 | P12: 0.00033220989 | Q12: 0.00025096075 | R12: 0.00056736745 | S12: 0.00042508031 | T12: 0.00027901613 | U12: 0.00012883792 | V12: 0.00066950927 | W12: 0.00049508788 | X12: 0.00018897016 | Y12: 0.00043062596 | Z12: 0.0003586108 | AA12: 0.00053599567 | AB12: 0.0003299897 | AC12: 0.00039167348 | AD12: 0.00030497515 | AE12: 2.7085136e-05 | AF12: 0.00018795289 | AG12: 0.00037730582 | AH12: 0.00029501191 | AI12: 0 | AJ12: 0.00053190067 | AK12: 0.00035378953 | AL12: 0.00021997647 | AM12: 0.00038241558 | AN12: 0.00045506221 | AO12: 0.00016169347 | AP12: 0.00039575255 | AQ12: 0.0002627502 | AR12: 0.00014880522 | AS12: 0.00041416276 | AT12: 0.00017082373 | AU12: 0.00017788162 | AV12: 0 | AW12: 9.2011749e-05 | AX12: 0
A13: EEEEEUEN | B13: 1 | C13: 1 | D13: 1 | E13: 1 | F13: 1 | G13: 2 | H13: 1 | I13: 3 | J13: 0 | K13: 1.0942731e-05 | L13: 2.9129987e-05 | M13: 0 | N13: 4.6284602e-05 | O13: 9.2196971e-05 | P13: 4.9790935e-05 | Q13: 0 | R13: 0 | S13: 0 | T13: 0.00010731879 | U13: 2.7728703e-05 | V13: 0 | W13: 4.8939804e-05 | X13: 0.00010983324 | Y13: 0 | Z13: 0 | AA13: 0 | AB13: 0 | AC13: 3.9880832e-05 | AD13: 0 | AE13: 3.8154585e-05 | AF13: 0.00032019705 | AG13: 0.0001132381 | AH13: 2.1529586e-05 | AI13: 0 | AJ13: 0.00018256913 | AK13: 9.3889523e-05 | AL13: 6.8683846e-05 | AM13: 0.00011682177 | AN13: 3.8772904e-05 | AO13: 5.2985101e-05 | AP13: 5.7265011e-05 | AQ13: 6.6580637e-05 | AR13: 0.00016881754 | AS13: 6.6515863e-05 | AT13: 6.8467182e-05 | AU13: 0.00013826447 | AV13: 9.6094262e-05 | AW13: 0.00011356757 | AX13: 0
... A6562: NNNNNNNN | B6562: 3 | C6562: 3 | D6562: 3 | E6562: 3 | F6562: 3 | G6562: 3 | H6562: 3 | I6562: 3 | J6562: 0.029544601 | K6562: 0.029383308 | L6562: 0.029845128 | M6562: 0.029906976 | N6562: 0.028641306 | O6562: 0.029842878 | P6562: 0.028945609 | Q6562: 0.031975785 | R6562: 0.027551522 | S6562: 0.031463739 | T6562: 0.032155926 | U6562: 0.029840959 | V6562: 0.0325491 | W6562: 0.03530281 | X6562: 0.033328618 | Y6562: 0.035878198 | Z6562: 0.040127785 | AA6562: 0.045410367 | AB6562: 0.039690597 | AC6562: 0.044103125 | AD6562: 0.04702978 | AE6562: 0.046722976 | AF6562: 0.047966895 | AG6562: 0.049952393 | AH6562: 0.050411377 | AI6562: 0.055901981 | AJ6562: 0.053454738 | AK6562: 0.052780586 | AL6562: 0.051084087 | AM6562: 0.051846016 | AN6562: 0.054349868 | AO6562: 0.056735038 | AP6562: 0.059358346 | AQ6562: 0.065159367 | AR6562: 0.066209537 | AS6562: 0.066951472 | AT6562: 0.066466205 | AU6562: 0.069947074 | AV6562: 0.067051137 | AW6562: 0.061818848 | AX6562: 0.065040563

Sheet Sheet1
A1: LFShistory | B1: s
A2: EEEEEEEE | B2: 0.7696617 | C2: =AVERAGE(Share_by_year!AT2:AW2) -> 0.77350175 | D2: =B2-C2 -> -0.0038400435
A3: EEEEEEEU | B3: 0.0030522594 | C3: =AVERAGE(Share_by_year!AT3:AW3) -> 0.0030664426 | D3: =B3-C3 -> -1.4183189e-05
A4: EEEEEEEN | B4: 0.0038477124 | C4: =AVERAGE(Share_by_year!AT4:AW4) -> 0.004035168 | D4: =B4-C4 -> -0.00018745562
A5: EEEEEEUE | B5: 0.0021354033 | C5: =AVERAGE(Share_by_year!AT5:AW5) -> 0.0021431093 | D5: =B5-C5 -> -7.7060543e-06
A6: EEEEEEUU | B6: 0.0014483552 | C6: =AVERAGE(Share_by_year!AT6:AW6) -> 0.0013325699 | D6: =B6-C6 -> 0.00011578533
A7: EEEEEEUN | B7: 0.00033175983 | C7: =AVERAGE(Share_by_year!AT7:AW7) -> 0.00032413324 | D7: =B7-C7 -> 7.6265935e-06
A8: EEEEEENE | B8: 0.0027391977 | C8: =AVERAGE(Share_by_year!AT8:AW8) -> 0.0028689444 | D8: =B8-C8 -> -0.00012974677
A9: EEEEEENU | B9: 0.00026527051 | C9: =AVERAGE(Share_by_year!AT9:AW9) -> 0.00024447314 | D9: =B9-C9 -> 2.0797375e-05
A10: EEEEEENN | B10: 0.0015559219 | C10: =AVERAGE(Share_by_year!AT10:AW10) -> 0.0015546954 | D10: =B10-C10 -> 1.2265558e-06
A11: EEEEEUEE | B11: 0.001619402 | C11: =AVERAGE(Share_by_year!AT11:AW11) -> 0.0017462899 | D11: =B11-C11 -> -0.00012688787
A12: EEEEEUEU | B12: 0.00017431001 | C12: =AVERAGE(Share_by_year!AT12:AW12) -> 0.00011017928 | D12: =B12-C12 -> 6.4130731e-05
A13: EEEEEUEN | B13: 0.00011494373 | C13: =AVERAGE(Share_by_year!AT13:AW13) -> 0.00010409837 | D13: =B13-C13 -> 1.0845357e-05
... A6562: NNNNNNNN | B6562: 0.067237048 | C6562: =AVERAGE(Share_by_year!AT6562:AW6562) -> 0.066320816 | D6562: =B6562-C6562 -> 0.00091623179
